{"schemaVersion":"1.0","appDefinitionTemplate":{"id":"/providers/Microsoft.PowerApps/apps/","type":"Microsoft.PowerApps/apps","tags":{"primaryDeviceWidth":"1366","primaryDeviceHeight":"768","supportsPortrait":"true","supportsLandscape":"true","primaryFormFactor":"Tablet","publisherVersion":"3.23014.14","minimumRequiredApiVersion":"2.2.0","hasComponent":"false","hasUnlockedComponent":"false","isUnifiedRootApp":"false","sienaVersion":"20230204T112022Z-3.23014.14.0"},"properties":{"appVersion":"2023-02-04T11:20:22Z","lifeCycleId":"Published","createdByClientVersion":{"major":3,"minor":23014,"build":14,"revision":0,"majorRevision":0,"minorRevision":0},"minClientVersion":{"major":3,"minor":23014,"build":14,"revision":0,"majorRevision":0,"minorRevision":0},"backgroundColor":"rgba(109, 181, 173, 1)","backgroundImageUri":"/4146842551168289655/N508bc654-80a9-4764-8f7c-1389f208295c-logoSmallFile","displayName":"MemoryGame","description":"Finished adding all the functionality.\nReady to deploy.","commitMessage":"","appUris":{"documentUri":{"value":"/4146842551168289655/N860b230d-5fa0-48e1-9934-01604226ab11-document.msapp"},"imageUris":[],"additionalUris":[]},"createdTime":"0001-01-01T00:00:00Z","lastModifiedTime":"0001-01-01T00:00:00Z","sharedGroupsCount":0,"sharedUsersCount":0,"connectionReferences":{},"databaseReferences":{},"almMode":"Environment","performanceOptimizationEnabled":true,"canConsumeAppPass":true,"enableModernRuntimeMode":false,"executionRestrictions":{"isTeamsOnly":false,"dataLossPreventionEvaluationResult":{"status":"Compliant","lastEvaluationDate":"2023-01-24T16:28:54.6796555Z","violations":[],"violationsByPolicy":[],"violationErrorMessage":"The app uses the following connectors: ."}}},"appType":"ClassicCanvasApp","appComponents":[]}}